{"train_loss": 0.28960633277893066, "train_acc": 0.9205090618336887, "_runtime": 26, "_timestamp": 1632153231, "_step": 10, "val_loss_avg": 0.3134450614452362, "val_acc_avg": 0.9160031847133758, "plot": {"_type": "image-file", "path": "media/images/plot_10_187d029b9c39c0399a5d.png", "sha256": "187d029b9c39c0399a5d1ab81986d77217d0eb6d1e19979f6df12d4ff1a34ad4", "size": 41859, "format": "png", "width": 1000, "height": 1000}, "_wandb": {"runtime": 25}}