{"train_loss": 0.2642095685005188, "train_acc": 0.9260338930348259, "_runtime": 46, "_timestamp": 1632149443, "_step": 20, "val_loss_avg": 0.2977796792984009, "val_acc_avg": 0.9223694620253164, "plot": {"_type": "image-file", "path": "media/images/plot_20_7f0917d885b12a46d21e.png", "sha256": "7f0917d885b12a46d21ef3c10c5f72ad73ecfeb640a55dacb23bf17c7c2656fc", "size": 42318, "format": "png", "width": 1000, "height": 1000}, "_wandb": {"runtime": 46}}