{"train_loss": 0.27400073409080505, "train_acc": 0.9233075692963753, "_runtime": 26, "_timestamp": 1632153200, "_step": 10, "val_loss_avg": 0.26881709694862366, "val_acc_avg": 0.924562101910828, "plot": {"_type": "image-file", "path": "media/images/plot_10_edf06360566822ec9cbc.png", "sha256": "edf06360566822ec9cbc2622861b5d1c0d15dfb6d8e61f25bf2797e458c28e08", "size": 41670, "format": "png", "width": 1000, "height": 1000}, "_wandb": {"runtime": 25}}