{"train_loss": 0.24973250925540924, "train_acc": 0.9311700426439232, "_runtime": 50, "_timestamp": 1632152624, "_step": 20, "val_loss_avg": 0.2667806148529053, "val_acc_avg": 0.9278463375796179, "plot": {"_type": "image-file", "path": "media/images/plot_20_4bb91cf971e32b0e7726.png", "sha256": "4bb91cf971e32b0e77265b51bec0907861226361431854e45def0f359d668e1d", "size": 40085, "format": "png", "width": 1000, "height": 1000}, "_wandb": {"runtime": 49}}