{"train_loss": 0.24969221651554108, "train_acc": 0.9310700959488273, "_runtime": 52, "_timestamp": 1632152464, "_step": 20, "val_loss_avg": 0.2669088840484619, "val_acc_avg": 0.9247611464968153, "plot": {"_type": "image-file", "path": "media/images/plot_20_4fd1178cc855e05d6b38.png", "sha256": "4fd1178cc855e05d6b3870bdeb15e235f36aaafccb28fe16e97886d5178bd194", "size": 41419, "format": "png", "width": 1000, "height": 1000}, "_wandb": {"runtime": 51}}