{"train_loss": 0.27345407009124756, "train_acc": 0.923657382729211, "_runtime": 27, "_timestamp": 1632157407, "_step": 10, "val_loss_avg": 0.26976385712623596, "val_acc_avg": 0.9250597133757962, "plot": {"_type": "image-file", "path": "media/images/plot_10_de717dec4b110ff57c62.png", "sha256": "de717dec4b110ff57c627e9d5440f77165afe3befba24db2a44e44c24fa09bf9", "size": 40192, "format": "png", "width": 1000, "height": 1000}, "_wandb": {"runtime": 25}}