{"train_loss": 0.42321187257766724, "train_acc": 0.9076714641080313, "_runtime": 48, "_timestamp": 1632149319, "_step": 20, "val_loss_avg": 0.5282551646232605, "val_acc_avg": 0.9050632911392406, "plot": {"_type": "image-file", "path": "media/images/plot_20_81ab9fd34ddd416ae45f.png", "sha256": "81ab9fd34ddd416ae45fd33ee5981fa19894494669f07e26d30afb93fef40539", "size": 42374, "format": "png", "width": 1000, "height": 1000}, "_wandb": {"runtime": 47}}