{"train_loss": 1.2951948642730713, "train_acc": 0.8949833333333334, "_runtime": 68, "_timestamp": 1632157980, "_step": 20, "val_loss_avg": 1.6893165111541748, "val_acc_avg": 0.8818, "plot": {"_type": "image-file", "path": "media/images/plot_20_cd5c33b03d2d1e16fde4.png", "sha256": "cd5c33b03d2d1e16fde41ba1c08a79314f65fd01e18b834345793658decac3c2", "size": 43731, "format": "png", "width": 1000, "height": 1000}, "_wandb": {"runtime": 67}}