{"train_loss": 0.2737046480178833, "train_acc": 0.9232575959488273, "_runtime": 26, "_timestamp": 1632157687, "_step": 10, "val_loss_avg": 0.26875486969947815, "val_acc_avg": 0.9252587579617835, "plot": {"_type": "image-file", "path": "media/images/plot_10_ded6a64d8013dca9a3c9.png", "sha256": "ded6a64d8013dca9a3c9fed10779021a208e4c3e1b1014e8ba08fc5d82d71249", "size": 41016, "format": "png", "width": 1000, "height": 1000}, "_wandb": {"runtime": 25}}