{"train_loss": 0.3244847059249878, "train_acc": 0.9146166666666666, "_runtime": 30, "_timestamp": 1632157343, "_step": 10, "val_loss_avg": 0.3355700969696045, "val_acc_avg": 0.9184305111821086, "plot": {"_type": "image-file", "path": "media/images/plot_10_4c6c379ea029e60fefa5.png", "sha256": "4c6c379ea029e60fefa503a8fe46a22d799837f124592bf37d289b3ece468933", "size": 42249, "format": "png", "width": 1000, "height": 1000}, "_wandb": {"runtime": 28}}