{"train_loss": 0.8150578141212463, "train_acc": 0.8973380863539445, "_runtime": 47, "_timestamp": 1632158031, "_step": 20, "val_loss_avg": 0.9415358901023865, "val_acc_avg": 0.8900316455696202, "plot": {"_type": "image-file", "path": "media/images/plot_20_eba0e00fb033a6a109f1.png", "sha256": "eba0e00fb033a6a109f1b34f9b59fc8934f4341d67179d7e3a4044578a8cce11", "size": 41329, "format": "png", "width": 1000, "height": 1000}, "_wandb": {"runtime": 45}}