{"train_loss": 0.5273928642272949, "train_acc": 0.9013914800995025, "_runtime": 46, "_timestamp": 1632147092, "_step": 20, "val_loss_avg": 0.7106120586395264, "val_acc_avg": 0.8872626582278481, "plot": {"_type": "image-file", "path": "media/images/plot_20_75a26a7c83fb90b99c16.png", "sha256": "75a26a7c83fb90b99c1681a2b2e05140d995ca07cb998c21be3dd32eb82454ad", "size": 41741, "format": "png", "width": 1000, "height": 1000}, "_wandb": {"runtime": 45}}