{"train_loss": 1.9237651824951172, "train_acc": 0.8903833333333333, "_runtime": 29, "_timestamp": 1632157656, "_step": 10, "val_loss_avg": 2.1681392192840576, "val_acc_avg": 0.8828873801916933, "plot": {"_type": "image-file", "path": "media/images/plot_10_44330532fa7c2d1f382e.png", "sha256": "44330532fa7c2d1f382e853858d0ba3921c7c7cb53810689bf4a967941fcb360", "size": 40096, "format": "png", "width": 1000, "height": 1000}, "_wandb": {"runtime": 28}}