{"train_loss": 0.26631253957748413, "train_acc": 0.9256666666666666, "_runtime": 31, "_timestamp": 1632157309, "_step": 10, "val_loss_avg": 0.26659533381462097, "val_acc_avg": 0.9251198083067093, "plot": {"_type": "image-file", "path": "media/images/plot_10_2240b830f35f292b7a8b.png", "sha256": "2240b830f35f292b7a8bc0d86275afa5801c3b7283fe19325e4c2771f74c8cfe", "size": 41830, "format": "png", "width": 1000, "height": 1000}, "_wandb": {"runtime": 30}}