{"train_loss": 0.6456542611122131, "train_acc": 0.8988, "_runtime": 67, "_timestamp": 1632149392, "_step": 20, "val_loss_avg": 0.7721484899520874, "val_acc_avg": 0.8934, "plot": {"_type": "image-file", "path": "media/images/plot_20_edef6c599a4390f58d34.png", "sha256": "edef6c599a4390f58d34a3c018a9e9bdb20971a6ab42f556e3d5e3a4c6850e37", "size": 45270, "format": "png", "width": 1000, "height": 1000}, "_wandb": {"runtime": 66}}