{"train_loss": 0.34756284952163696, "train_acc": 0.9146288646055437, "_runtime": 49, "_timestamp": 1632146970, "_step": 20, "val_loss_avg": 0.42280372977256775, "val_acc_avg": 0.900810917721519, "plot": {"_type": "image-file", "path": "media/images/plot_20_9f65cfad69251da972a0.png", "sha256": "9f65cfad69251da972a0f200977bd71f6dbdd92935922800ac38819d76adacf3", "size": 40741, "format": "png", "width": 1000, "height": 1000}, "_wandb": {"runtime": 47}}