{"train_loss": 0.5519611239433289, "train_acc": 0.9009195095948828, "_runtime": 50, "_timestamp": 1632149498, "_step": 20, "val_loss_avg": 0.6498975157737732, "val_acc_avg": 0.9017714968152867, "plot": {"_type": "image-file", "path": "media/images/plot_20_1de60afc756776576b42.png", "sha256": "1de60afc756776576b429e8ebfe714c48ba263b02d8f3b5964ae465f899a88e2", "size": 40989, "format": "png", "width": 1000, "height": 1000}, "_wandb": {"runtime": 49}}