{"train_loss": 0.2742481827735901, "train_acc": 0.9253, "_runtime": 66, "_timestamp": 1632147163, "_step": 20, "val_loss_avg": 0.3115476965904236, "val_acc_avg": 0.9222, "plot": {"_type": "image-file", "path": "media/images/plot_20_2c696cfca37b9cce39a2.png", "sha256": "2c696cfca37b9cce39a2b7580e8ce2ce5f92bbdbc9b53be6149074cbcffbfd4c", "size": 42210, "format": "png", "width": 1000, "height": 1000}, "_wandb": {"runtime": 66}}