{"train_loss": 0.7023715972900391, "train_acc": 0.8981765280739161, "_runtime": 47, "_timestamp": 1632147215, "_step": 20, "val_loss_avg": 0.8098135590553284, "val_acc_avg": 0.9027887658227848, "plot": {"_type": "image-file", "path": "media/images/plot_20_b8827195f792df83f8a5.png", "sha256": "b8827195f792df83f8a5c072c6f1513b1a81abfcee0ca41b2d117f65482487d9", "size": 43396, "format": "png", "width": 1000, "height": 1000}, "_wandb": {"runtime": 46}}