{"train_loss": 0.2820952534675598, "train_acc": 0.9228666666666666, "_runtime": 66, "_timestamp": 1632158102, "_step": 20, "val_loss_avg": 0.33373135328292847, "val_acc_avg": 0.9175, "plot": {"_type": "image-file", "path": "media/images/plot_20_1cdc92c60f2eb65418df.png", "sha256": "1cdc92c60f2eb65418df79c01fdd878b30c85b7c8afe4d33da34532e4cb72b00", "size": 43909, "format": "png", "width": 1000, "height": 1000}, "_wandb": {"runtime": 66}}