{"train_loss": 0.26663970947265625, "train_acc": 0.9256, "_runtime": 31, "_timestamp": 1632153104, "_step": 10, "val_loss_avg": 0.26716148853302, "val_acc_avg": 0.9255191693290735, "plot": {"_type": "image-file", "path": "media/images/plot_10_442e8b5da75fe37767f8.png", "sha256": "442e8b5da75fe37767f8a05fe36a54525e021d4a6d980397293a3d3f5e7513bb", "size": 41612, "format": "png", "width": 1000, "height": 1000}, "_wandb": {"runtime": 30}}