{"train_loss": 0.2501141130924225, "train_acc": 0.9305370469083155, "_runtime": 50, "_timestamp": 1632152570, "_step": 20, "val_loss_avg": 0.2824121415615082, "val_acc_avg": 0.9234673566878981, "plot": {"_type": "image-file", "path": "media/images/plot_20_7950dbca8315d9115b82.png", "sha256": "7950dbca8315d9115b82b5c7a32c9dcebe4aa4721368aecfc1865241cc82df4b", "size": 41859, "format": "png", "width": 1000, "height": 1000}, "_wandb": {"runtime": 49}}