{"train_loss": 0.4873751103878021, "train_acc": 0.8812610815602836, "_runtime": 46, "_timestamp": 1632144123, "_step": 20, "val_loss_avg": 0.45192620158195496, "val_acc_avg": 0.89208984375, "plot": {"_type": "image-file", "path": "media/images/plot_20_eeace2dab0195035a2aa.png", "sha256": "eeace2dab0195035a2aa9036bcb4f4354600b5a065668c2b2ea9b5a5d0d4f8a2", "size": 43186, "format": "png", "width": 1000, "height": 1000}, "_wandb": {"runtime": 48}}