{"train_loss": 0.4460490942001343, "train_acc": 0.906366604477612, "_runtime": 47, "_timestamp": 1632152515, "_step": 20, "val_loss_avg": 0.4967201054096222, "val_acc_avg": 0.9059533227848101, "plot": {"_type": "image-file", "path": "media/images/plot_20_6177f9d10bbe492cdc90.png", "sha256": "6177f9d10bbe492cdc907a882ec87c1b60ab14facdda2c2cdd4d89197511507c", "size": 42819, "format": "png", "width": 1000, "height": 1000}, "_wandb": {"runtime": 46}}