{"train_loss": 1.3767284154891968, "train_acc": 0.8934166666666666, "_runtime": 67, "_timestamp": 1632147041, "_step": 20, "val_loss_avg": 1.8463221788406372, "val_acc_avg": 0.8755, "plot": {"_type": "image-file", "path": "media/images/plot_20_56f4bc91f6dc7592c199.png", "sha256": "56f4bc91f6dc7592c1998b8a7d1d1b0c929f2677302f24d6c74398faf565b468", "size": 44283, "format": "png", "width": 1000, "height": 1000}, "_wandb": {"runtime": 65}}