{"train_loss": 1.9106942415237427, "train_acc": 0.89035, "_runtime": 29, "_timestamp": 1632153170, "_step": 10, "val_loss_avg": 1.813707947731018, "val_acc_avg": 0.9090455271565495, "plot": {"_type": "image-file", "path": "media/images/plot_10_4cf528726aaceb7a841e.png", "sha256": "4cf528726aaceb7a841e9e08d341644a87a79a21865784e4046c910812df928d", "size": 40315, "format": "png", "width": 1000, "height": 1000}, "_wandb": {"runtime": 28}}