{"train_loss": 0.33906811475753784, "train_acc": 0.9154, "_runtime": 68, "_timestamp": 1632149570, "_step": 20, "val_loss_avg": 0.4160887598991394, "val_acc_avg": 0.9069, "plot": {"_type": "image-file", "path": "media/images/plot_20_bffccd232eaf89bb780e.png", "sha256": "bffccd232eaf89bb780e1f3a5998af09ad89aa44cabb81b1a2481ab79373a09a", "size": 43784, "format": "png", "width": 1000, "height": 1000}, "_wandb": {"runtime": 67}}