{"train_loss": 0.2510800063610077, "train_acc": 0.9308, "_runtime": 67, "_timestamp": 1632158246, "_step": 20, "val_loss_avg": 0.2686813771724701, "val_acc_avg": 0.9243, "plot": {"_type": "image-file", "path": "media/images/plot_20_92db87e49a0b1a1a3a27.png", "sha256": "92db87e49a0b1a1a3a274370e0b76df10122c1540e2c5f704c6bc535f02dc690", "size": 43224, "format": "png", "width": 1000, "height": 1000}, "_wandb": {"runtime": 67}}