{"train_loss": 1.7987662553787231, "train_acc": 0.89465, "_runtime": 67, "_timestamp": 1632158174, "_step": 20, "val_loss_avg": 1.9814798831939697, "val_acc_avg": 0.8927, "plot": {"_type": "image-file", "path": "media/images/plot_20_3dec18005206ce06960e.png", "sha256": "3dec18005206ce06960e776276771d844545ffc2701aded4e52e374a87203a75", "size": 44141, "format": "png", "width": 1000, "height": 1000}, "_wandb": {"runtime": 66}}