{"train_loss": 1.9711920022964478, "train_acc": 0.8889666666666667, "_runtime": 28, "_timestamp": 1632157376, "_step": 10, "val_loss_avg": 2.3505616188049316, "val_acc_avg": 0.878694089456869, "plot": {"_type": "image-file", "path": "media/images/plot_10_88b2a723aaaaec38e951.png", "sha256": "88b2a723aaaaec38e9513ab6af7f296da9ad5e883d79feb8bc9e3e5a50c88920", "size": 39736, "format": "png", "width": 1000, "height": 1000}, "_wandb": {"runtime": 28}}