{"train_loss": 0.8339307904243469, "train_acc": 0.8974, "_runtime": 68, "_timestamp": 1632152695, "_step": 20, "val_loss_avg": 1.0238232612609863, "val_acc_avg": 0.8885, "plot": {"_type": "image-file", "path": "media/images/plot_20_23ac21f6ee05ca90fba9.png", "sha256": "23ac21f6ee05ca90fba985ebc5c23100b2ace3c2144b8eb529443a7a5c46fdb9", "size": 42311, "format": "png", "width": 1000, "height": 1000}, "_wandb": {"runtime": 67}}