{"train_loss": 0.2662838101387024, "train_acc": 0.9259666666666667, "_runtime": 30, "_timestamp": 1632157589, "_step": 10, "val_loss_avg": 0.26714417338371277, "val_acc_avg": 0.9274161341853036, "plot": {"_type": "image-file", "path": "media/images/plot_10_2e650fbd48fad840a6ee.png", "sha256": "2e650fbd48fad840a6eea2c97df27d95a84b12824e04ac5cc21f881e0a891936", "size": 41964, "format": "png", "width": 1000, "height": 1000}, "_wandb": {"runtime": 30}}