{"train_loss": 0.32181689143180847, "train_acc": 0.9151833333333333, "_runtime": 28, "_timestamp": 1632153137, "_step": 10, "val_loss_avg": 0.3529372215270996, "val_acc_avg": 0.9121405750798722, "plot": {"_type": "image-file", "path": "media/images/plot_10_8b7138c4f35a9c9aff50.png", "sha256": "8b7138c4f35a9c9aff50d06f5d6a5dd258d737cfa3bb0c819afcb0a63ecd884a", "size": 42950, "format": "png", "width": 1000, "height": 1000}, "_wandb": {"runtime": 28}}