{"train_loss": 0.32417112588882446, "train_acc": 0.9153666666666667, "_runtime": 28, "_timestamp": 1632157622, "_step": 10, "val_loss_avg": 0.3463071882724762, "val_acc_avg": 0.9159345047923323, "plot": {"_type": "image-file", "path": "media/images/plot_10_55cc52a9fa28b60b4563.png", "sha256": "55cc52a9fa28b60b45632daa81617df4abfcb265b39913f2f7a1d085d212cea0", "size": 41952, "format": "png", "width": 1000, "height": 1000}, "_wandb": {"runtime": 28}}