{"train_loss": 0.2922830283641815, "train_acc": 0.919809434968017, "_runtime": 26, "_timestamp": 1632157718, "_step": 10, "val_loss_avg": 0.3272673487663269, "val_acc_avg": 0.9116242038216561, "plot": {"_type": "image-file", "path": "media/images/plot_10_7fd9481f5b54352bb6d7.png", "sha256": "7fd9481f5b54352bb6d77f99bc9dfd5dedf813aa09a3dfcff0322b9b7b47d7ab", "size": 43581, "format": "png", "width": 1000, "height": 1000}, "_wandb": {"runtime": 25}}