{"train_loss": 0.29283958673477173, "train_acc": 0.9197594616204691, "_runtime": 26, "_timestamp": 1632157437, "_step": 10, "val_loss_avg": 0.32499387860298157, "val_acc_avg": 0.9179936305732485, "plot": {"_type": "image-file", "path": "media/images/plot_10_0e91974cb5c65d109fe0.png", "sha256": "0e91974cb5c65d109fe0e7914890cbe84ce98be59c41068d3d775c977f19bcc4", "size": 41474, "format": "png", "width": 1000, "height": 1000}, "_wandb": {"runtime": 25}}